ID	Rejec	IME	r	k20	a30	KoagRazred	Mascoba	proteini	Laktoza	SS	ZmrzTocka	Urea	SSC	KapaKazein	Datum	Z	CRE_SIFRA_CREDA	STLAKT	ZIV_ID_SEQ	PASMA	DATROJ	MLEKOPV	BELJKGPV	MASCKGPV	BELJODSPV	MASCODSPV	ZAPTEL	DATTEL	DIM	Weaverg	Arahnomelijag	ABCG2g	Kappa.Casein.B.variantg	Kappa.Casein.E.variantg	SMAg	Weaver	Arahnomelija	ABCG2	SMA	KapaCSN
03869572	Popic	Mima	931	162.5	46	A	4.17	4.15	4.57	9.44	-0.529	13.3	273	BB	2017-11-07	zjutraj	7480	4	3066431	Rjava	2010	105.3	107.9	NA	NA	104.7	4	2017-04-21	200	BB	AA	AA	BB	AA	BB	Zdrava	Zdrava	Dve kopiji alela A	Zdrava	B/B
04018621	Popic	Rika	907.5	145	49.5	A	5.86	4.35	4.36	9.44	-0.524	23.7	171	AB	2017-11-07	zjutraj	7177	3	3288129	Rjava	2011	95.4	101.9	NA	NA	105.7	3	2016-11-01	371	BB	AA	AA	AB	AA	BB	Zdrava	Zdrava	Dve kopiji alela A	Zdrava	A/B
04022514	Lesjak	Bajka	992	190	41	A	4.88	4.08	4.27	9.08	-0.525	23.3	536	BB	2017-10-18	zjutraj	5347	4	3295789	Rjava	2011	95.2	98.1	NA	NA	94.4	4	2017-04-06	195	BB	AA	AA	BB	AA	BB	Zdrava	Zdrava	Dve kopiji alela A	Zdrava	B/B
04052690	Verdel	Sirena	1167	177.5	47	B	4.58	3.59	4.44	8.76	-0.526	11.9	259	BB	2017-10-25	zvecer	30033	3	3393208	Rjava	2012	104.3	105.6	NA	NA	107.4	3	2017-04-30	178	BB	AA	AA	BB	AA	BB	Zdrava	Zdrava	Dve kopiji alela A	Zdrava	B/B
04151689	Verdev	Poka	974	203	39	A	4.46	3.71	4.27	8.71	-0.524	7.2	2335		2017-10-26	zjutraj	9624	4	3401740	Holstein	2012	NA	NA	NA	NA	NA	4	2017-07-22	96	NA	NA	NA	NA	NA	NA	NA	NA	NA	NA	NA
04153760	Tajnik	Juna	1457	223	29	B	4.35	3.46	4.5	8.68	-0.525	10.5	590	AB	2017-10-23	zvecer	16217	3	3447499	Rjava	2012	99.4	97.8	NA	NA	100	3	2017-06-11	134	BB	AA	AA	AB	AA	BB	Zdrava	Zdrava	Dve kopiji alela A	Zdrava	A/B
04184548	Tajnik	Lolita	1184	167	39.5	B	5.8	3.9	4.47	9.1	-0.534	6.9	1450	BB	2017-10-23	zvecer	16217	3	3506976	Rjava	2012	99.8	96.7	NA	NA	98.8	3	2016-08-17	432	BB	AA	AA	BB	AA	BB	Zdrava	Zdrava	Dve kopiji alela A	Zdrava	B/B
04195641	Verdev	Drona	974	175	47	A	4.41	3.71	4.39	8.83	-0.522	6.2	108		2017-10-26	zjutraj	9624	3	3662184	Lisasta	2013	NA	NA	NA	NA	NA	3	2017-04-02	207	NA	NA	NA	NA	NA	NA	NA	NA	NA	NA	NA
04241003	Oblak	Sava	1048.5	188.5	41	A	4.58	3.59	4.44	8.76	-0.526	11.9	259	AA	2017-10-24	zvecer	6658	3	3641417	Rjava	2012	112	103.7	NA	NA	105.9	3	2017-02-09	257	BB	AA	AA	AA	AA	BB	Zdrava	Zdrava	Dve kopiji alela A	Zdrava	A/A
04298067	Marolt	Sisi	877	161	47	A	4.35	4.25	4.56	9.54	-0.532	22.8	424	BB	2017-10-26	zvecer	5825	3	3773858	Rjava	2013	104.3	106.6	NA	NA	104.9	3	2017-07-30	88	BB	AA	AA	BB	AA	BB	Zdrava	Zdrava	Dve kopiji alela A	Zdrava	B/B
04298524	Verdev	Višnja	643	151	44	D	3.57	3.7	4.76	9.19	-0.537	13.4	36		2017-10-26	zjutraj	9624	2	3819768	Rjava	2013	106	108.3	NA	NA	107.7	2	2017-07-24	94	BB	AA	AA	AA	AA	00	Zdrava	Zdrava	Dve kopiji alela A	NA	A/A
04301932	Rakun	Zatra	740	155	46	A	4.01	3.49	4.55	8.76	-0.522	18.8	66	BB	2017-11-06	zjutraj	7871	2	3777399	Rjava	2013	116.5	112.7	NA	NA	109.5	2	2017-06-27	132	BB	AA	AA	BB	AA	BB	Zdrava	Zdrava	Dve kopiji alela A	Zdrava	B/B
04302029	Brecl	Voda	550.5	136	48.5	D	3.59	3.67	4.83	9.24	-0.531	7.8	108	BB	2017-10-20	zvecer	921	1	3778891	Rjava	2013	114.3	116.2	NA	NA	105.5	1	2016-10-16	369	BB	AA	AA	AA	AA	BB	Zdrava	Zdrava	Dve kopiji alela A	Zdrava	A/A
04364070	Oblak	Smola	1333	220	34	B	6.01	3.55	4.47	8.75	-0.517	9.9	121	BB	2017-10-24	zvecer	6658	2	3839335	Rjava	2013	105.1	105.4	NA	NA	107.8	2	2017-08-09	76	BB	AA	AA	BB	AA	BB	Zdrava	Zdrava	Dve kopiji alela A	Zdrava	B/B
04381460	Kramer	Bajka	1531	0	17	F	3.73	3.62	3.07	4.69	8.49	-0.519	13.7	AA	2017-11-08	zjutraj	4725	2	3996812	Rjava	2014	85.7	88	NA	NA	85.1	2	2017-10-02	37	BB	AA	AA	AA	AA	BB	Zdrava	Zdrava	Dve kopiji alela A	Zdrava	A/A
04391892	Oblak	Coka	0	0	0	F	5.47	4.46	4.36	9.55	-0.518	3	3391	AB	2017-10-24	zvecer	6658	2	4047411	Rjava	2014	105.9	106.8	NA	NA	111.5	2	2017-09-13	41	BB	AA	AA	AB	AA	BB	Zdrava	Zdrava	Dve kopiji alela A	Zdrava	A/B
04415657	Popic	Ona	961	190	38.5	A	3.72	3.59	4.89	9.2	-0.523	17.6	31	BB	2017-11-07	zjutraj	7177	1	3887424	Rjava	2013	109.8	113.2	NA	NA	119.1	1	2016-04-12	574	BB	AA	AA	BB	AA	BB	Zdrava	Zdrava	Dve kopiji alela A	Zdrava	B/B
04494139	Arlic	Hojka	999	163	48	A	4.9	4.21	4.59	9.53	-0.521	8	100	BB	2017-11-09	zjutraj	178	1	3996170	Rjava	2014	103.3	109.4	NA	NA	103.7	1	2017-01-23	290	BB	AA	AA	BB	AA	BB	Zdrava	Zdrava	Dve kopiji alela A	Zdrava	B/B
04496069	Verdel	Zana	838.5	153	45	A	4.37	3.83	4.55	9.11	-0.524	5.8	605		2017-10-25	zvecer	30033	2	4028004	Holstein	2014	NA	NA	NA	NA	NA	2	2017-06-18	129	NA	NA	NA	NA	NA	NA	NA	NA	NA	NA	NA
04500980	Rakun	Zala	780	152	46	A	4.18	3.35	4.73	8.81	-0.527	20.7	7	AB	2017-11-06	zjutraj	7871	1	4079575	Rjava	2014	108.8	106.6	NA	NA	106.2	1	2017-02-25	254	BB	AA	AA	AB	AA	BB	Zdrava	Zdrava	Dve kopiji alela A	Zdrava	A/B
13615468	Popic	Simba	917	182	40	A	3.95	3.59	4.13	8.45	-0.523	14.8	204	BB	2017-11-07	zjutraj	7480	6	2695830	Rjava	2009	98.8	98.7	NA	NA	90.2	6	2017-04-04	217	BB	AA	AA	BB	AA	BB	Zdrava	Zdrava	Dve kopiji alela A	Zdrava	B/B
13752365	Tajnik	Dalica	930	214	34	A	3.7	2.8	4.75	8.28	-0.524	13.8	79	AB	2017-10-23	zvecer	16217	5	2896384	Rjava	2009	90.1	84.4	NA	NA	84.1	5	2017-08-07	77	BB	AA	AA	AB	AA	BB	Zdrava	Zdrava	Dve kopiji alela A	Zdrava	A/B
13869571	Popic	Mula	915	176	41	A	3.9	3.6	4.13	8.46	-0.523	16.2	210	BB	2017-11-07	zjutraj	7480	5	3066429	Rjava	2010	95.8	98.8	NA	NA	103.5	5	2017-10-25	13	BB	AA	AA	BB	AA	AB	Zdrava	Zdrava	Dve kopiji alela A	Prenašalka	B/B
14155589	Popic	Bistra	1213	190	38	B	3.92	3.61	4.75	9.09	-0.533	23	85	BB	2017-11-07	zjutraj	7177	4	3442390	Rjava	2012	96.7	102.4	NA	NA	102.8	4	2017-08-28	71	BB	AA	AA	BB	AA	BB	Zdrava	Zdrava	Dve kopiji alela A	Zdrava	B/B
14191749	Verdev	Zoja	1028	165	42	A	3.76	3.72	4.87	9.32	-0.537	15.4	25		2017-10-26	zjutraj	9624	3	3587335	Holstein	2012	NA	NA	NA	NA	NA	3	2017-04-28	181	NA	NA	NA	NA	NA	NA	NA	NA	NA	NA	NA
14217070	Popic	Camila	662	157	44	A	3.91	3.41	4.64	8.78	-0.52	9.5	26	BB	2017-11-07	zjutraj	7480	3	3604447	Rjava	2012	107.1	110.8	NA	NA	106.1	3	2017-10-01	37	BB	AA	AA	BB	AA	BB	Zdrava	Zdrava	Dve kopiji alela A	Zdrava	B/B
14242625	Tajnik	Jagoda	845	180	38	A	3.91	3.49	4.8	9.02	-0.525	12.5	83	AB	2017-10-23	zvecer	16217	3	3696719	Rjava	2013	99.9	96.5	NA	NA	95.9	3	2017-05-07	169	BB	AA	AA	AB	AA	BB	Zdrava	Zdrava	Dve kopiji alela A	Zdrava	A/B
14294048	Popic	Strina	717	160.5	41	A	5.66	5.06	4.63	10.42	-0.533	10.4	321	AB	2017-11-07	zjutraj	7480	2	3786118	Rjava	2013	105.8	111.5	NA	NA	116.1	2	2017-02-13	267	BB	AA	AA	AB	AA	BB	Zdrava	Zdrava	Dve kopiji alela A	Zdrava	A/B
14297924	Rakun	Viola	1472	214	29	B	1.18	3.58	4.55	8.86	-0.538	13.4	503	BB	2017-11-06	zjutraj	7871	2	3760430	Rjava	2013	110.1	111	NA	NA	106.9	2	2017-07-03	126	BB	AA	AA	BB	AA	BB	Zdrava	Zdrava	Dve kopiji alela A	Zdrava	B/B
14298066	Marolt	Bona	869.5	170	49.5	A	4.37	3.86	4.54	9.12	-0.531	20.7	91	BB	2017-10-26	zvecer	5825	3	3773658	Rjava	2013	105.6	107	NA	NA	105.4	3	2017-07-31	87	BB	AA	AA	BB	AA	BB	Zdrava	Zdrava	Dve kopiji alela A	Zdrava	B/B
14349966	Vasle	Dona 	1113	169	43.5	B	4.34	3.51	4.44	8.67	-0.523	20.4	90	AA	2017-10-19	zjutraj	11685	2	3818423	Rjava	2013	108.3	103.5	NA	NA	109.7	2	2017-05-01	171	BB	AA	AA	AA	AA	BB	Zdrava	Zdrava	Dve kopiji alela A	Zdrava	A/A
14413458	Arlic	Soluna	0	0	0	F	5.25	5.03	3.7	9.47	-0.529	7.2	1530	AB	2017-11-09	zjutraj	178	1	3884004	Rjava	2013	105.6	103.9	NA	NA	98.9	1	2016-10-13	392	BB	AA	AA	AB	AA	BB	Zdrava	Zdrava	Dve kopiji alela A	Zdrava	A/B
14413829	Brecl	Miška	991.5	189.5	41.5	A	4.06	3.85	4.9	9.48	-0.529	14	90	AA	2017-10-20	zvecer	921	1	3871034	Rjava	2013	109.2	104.3	NA	NA	105.3	1	2016-07-22	455	BB	AA	AA	BB	AA	BB	Zdrava	Zdrava	Dve kopiji alela A	Zdrava	B/B
14496068	Verdel	Dika	692	157	45	A	4.75	3.59	4.8	9.11	-0.526	8.1	67		2017-10-25	zvecer	30033	1	4028003	Holstein	2014	NA	NA	NA	NA	NA	1	2016-12-04	325	NA	NA	NA	NA	NA	NA	NA	NA	NA	NA	NA
23869570	Popic	Samara	1113.5	170	43.5	B	4.65	4.19	4.31	9.24	-0.521	12	243	BB	2017-11-07	zjutraj	7480	4	3125699	Rjava	2010	106.9	112.5	NA	NA	112.2	4	2016-07-16	479	BB	AA	AA	00	AA	BB	Zdrava	Zdrava	Dve kopiji alela A	Zdrava	B/B
24151955	Marolt	Pika	848.5	167	48.5	A	3.98	4.21	4.07	9.01	-0.522	19.9	156	AB	2017-10-26	zvecer	5825	4	3415612	Rjava	2012	78.8	82.6	NA	NA	79	4	2017-03-15	225	BB	AA	AA	AB	AA	BB	Zdrava	Zdrava	Dve kopiji alela A	Zdrava	A/B
24153438	Verdev	Jota	974	170	44	A									2017-10-26	zjutraj	9624	4	3417212	Rjava	2012	114.3	106.5	NA	NA	105.3	4	2017-03-26	214	BB	AA	AA	AA	AA	BB	Zdrava	Zdrava	Dve kopiji alela A	Zdrava	A/A
24217055	Popic	Patria	558.5	152	41.5	D	6.1	3.89	4.17	8.79	-0.518	9.2	5601	AB	2017-11-07	zjutraj	7480	2	3604452	Rjava	2012	97.4	94.4	NA	NA	96.6	2	2017-05-10	181	BB	AA	AA	AB	AA	BB	Zdrava	Zdrava	Dve kopiji alela A	Zdrava	A/B
24235398	Popic	Lutka	1219	195	38	B	4.24	3.74	3.87	8.34	-0.497	10	214	AA	2017-11-07	zjutraj	7177	3	3601449	Rjava	2012	101.9	98.6	NA	NA	104.3	3	2017-02-14	266	AB	AA	AA	AA	AA	BB	Prenašalka	Zdrava	Dve kopiji alela A	Zdrava	A/A
24276670	Vasle	Diva	989.5	188	39	A	4.34	3.23	4.49	8.45	-0.523	10.3	26	BB	2017-10-19	zjutraj	11685	3	3666724	Rjava	2013	101.8	99.8	NA	NA	100.3	3	2017-08-26	54	BB	AA	AA	00	AA	BB	Zdrava	Zdrava	Dve kopiji alela A	Zdrava	B/B
24297961	Knez	Sreda	976	162.5	46	A	3.75	3.95	4.48	9.16	-0.527	16.2	37		2017-11-02	zjutraj	3984	2	3750912	Rjava	2013	NA	NA	NA	NA	NA	2	2017-05-28	158	NA	NA	NA	NA	NA	NA	NA	NA	NA	NA	NA
24297985	Knez	Mlada	1535	189.5	26	F	4.39	3.78	4.4	8.91	-0.536	17.4	82		2017-11-02	zjutraj	3984	2	3750914	Rjava	2013	105.1	103.1	NA	NA	106.4	2	2017-07-12	113	BB	AA	AA	AA	AA	BB	Zdrava	Zdrava	Dve kopiji alela A	Zdrava	A/A
24302481	Verdev	Šajana	623	139	48	D	4.02	3.89	4.86	9.47	-0.544	11.1	101		2017-10-26	zjutraj	9624	2	3777041	Lisasta	2013	NA	NA	NA	NA	NA	2	2017-03-29	211	NA	NA	NA	NA	NA	NA	NA	NA	NA	NA	NA
24303114	Verdev	Anica	479	133	57	D	3.92	3.44	4.86	9.04	-0.535	12.8	30		2017-10-26	zjutraj	9624	2	3783846	Rjava	2013	108.3	106.5	NA	NA	113.5	2	2017-08-11	76	BB	AA	AA	BB	AA	BB	Zdrava	Zdrava	Dve kopiji alela A	Zdrava	B/B
24354127	Lesjak	Meta	726	144	48	A	3.95	3.48	4.56	8.78	-0.526	27.2	225	AB	2017-10-18	zjutraj	5347	2	3904514	Rjava	2014	111.5	111.1	NA	NA	113.1	2	2017-08-02	77	BB	AA	AA	AB	AA	BB	Zdrava	Zdrava	Dve kopiji alela A	Zdrava	A/B
24374912	Oblak	Biba	1188	102	40	B	5.32	3.94	4.55	9.22	-0.525	5.5	148	BB	2017-10-24	zvecer	6658	2	3906345	Rjava	2014	100.3	95.6	NA	NA	94.7	2	2017-03-23	215	BB	AA	AA	BB	AA	BB	Zdrava	Zdrava	Dve kopiji alela A	Zdrava	B/B
24415930	Tajnik	Lavanda	1159	199	38	B	3.74	3.15	4.52	8.4	-0.522	4.5	848	BB	2017-10-23	zvecer	16217	2	3884120	Rjava	2013	107.8	107.6	NA	NA	106.5	2	2017-09-23	30	BB	AA	AA	BB	AA	BB	Zdrava	Zdrava	Dve kopiji alela A	Zdrava	B/B
24446983	Verdev	Latina	754	189	39	A	5.31	3.29	4.58	8.6	-0.523	3.9	710		2017-10-26	zjutraj	9624	1	4092173	Lisasta	2014	NA	NA	NA	NA	NA	1	2017-08-23	64	NA	NA	NA	NA	NA	NA	NA	NA	NA	NA	NA
24496012	Verdel	Svita	666	167	45	A	6.01	3.55	4.47	8.75	-0.517	9.9	121	AB	2017-10-25	zvecer	30033	2	4012868	Rjava	2014	91.1	90.1	NA	NA	93.5	2	2017-06-03	144	BB	AA	AA	AB	AA	BB	Zdrava	Zdrava	Dve kopiji alela A	Zdrava	A/B
24503149	Knez	Sreca	1082.5	183.5	40.5	B	4.29	3.58	4.75	9.06	-0.531	18.3	9		2017-11-02	zjutraj	3984	1	4092366	Rjava	2014	NA	NA	NA	NA	NA	1	2017-07-28	97	NA	NA	NA	NA	NA	NA	NA	NA	NA	NA	NA
24565406	Popic	Živa	1289	169	44	B	4.69	3.93	4.53	9.19	-0.528	19	16	BB	2017-11-07	zjutraj	7177	1	4151353	Rjava	2014	106.9	105.5	NA	NA	102.5	1	2017-01-22	289	BB	AA	AA	BB	AA	BB	Zdrava	Zdrava	Dve kopiji alela A	Zdrava	B/B
33489050	Kramer	Skorja	1335	185	38	B	4.07	3.95	3.26	4.76	8.75	-0.52	15.4	AB	2017-11-08	zjutraj	4725	6	2845234	Rjava	2009	90.8	92.1	NA	NA	92.2	6	2017-07-06	125	BB	AA	AA	AB	AA	BB	Zdrava	Zdrava	Dve kopiji alela A	Zdrava	A/B
33608673	Verdev	Mira	772	160	44	A	6.5	3.72	4.59	9.04	-0.523	11.6	62		2017-10-26	zjutraj	9624	6	2610888	Rjava	2008	98.2	97.4	NA	NA	102.1	6	2017-04-30	179	BB	AA	AA	AB	AA	BB	Zdrava	Zdrava	Dve kopiji alela A	Zdrava	A/B
33653408	Oblak	Sivka II	1319.5	96	42	B	5.62	3.45	4.57	8.75	-0.518	9.2	178	AB	2017-10-24	zvecer	6658	6	2600861	Rjava	2008	85.6	85.7	NA	NA	82.5	6	2017-06-18	128	BB	AA	AA	AB	AA	BB	Zdrava	Zdrava	Dve kopiji alela A	Zdrava	A/B
33745635	Popic	Mura	793	153	45.5	A	5.22	4.52	4.09	9.34	-0.523	15.6	246	BB	2017-11-07	zjutraj	7480	5	2859299	Rjava	2009	100.5	106.1	NA	NA	108.6	5	2017-06-24	136	BB	AA	AA	BB	AA	BB	Zdrava	Zdrava	Dve kopiji alela A	Zdrava	B/B
33751032	Jan	Bruna	1083	128.5	27.5	B	3.86	2.98	4.08	7.79	-0.507	12.2	764	AA	2017-11-08	zjutraj	3262	4	2904614	Rjava	2010	99.7	93.2	NA	NA	92.4	4	2017-01-20	292	BB	AA	AA	AA	AA	BB	Zdrava	Zdrava	Dve kopiji alela A	Zdrava	A/A
33882604	Popic	Soda	1043	165	42	A	4.6	4.02	4.37	9.11	-0.527	20.5	160	AB	2017-11-07	zjutraj	7480	4	3247047	Rjava	2011	92.1	92.9	NA	NA	95.1	4	2017-01-21	290	BB	AA	AA	AB	AA	BB	Zdrava	Zdrava	Dve kopiji alela A	Zdrava	A/B
33951775	Lesjak	Diva	831	169	45	A	4.71	3.93	4.43	9.08	-0.52	14.4	264	BB	2017-10-18	zjutraj	5347	4	3192482	Rjava	2011	99.3	104.3	NA	NA	102.4	4	2017-04-23	178	AB	AA	AA	BB	AA	BB	Prenašalka	Zdrava	Dve kopiji alela A	Zdrava	B/B
34023282	Verdev	Julcka	1005	130	50	A	3.89	4.25	4.34	9.32	-0.528	6.5	82		2017-10-26	zjutraj	9624	3	3320590	Rjava	2011	102	105	NA	NA	102.7	3	2016-12-06	324	BB	AA	AA	BB	AA	BB	Zdrava	Zdrava	Dve kopiji alela A	Zdrava	B/B
34024719	Arlic	Senka	610	161	48	D	4.41	3.42	4.68	8.83	-0.523	13.1	21	BB	2017-11-09	zjutraj	178	4	3350382	Rjava	2011	106.5	105	NA	NA	108.2	4	2017-09-18	52	BB	AA	AA	BB	AA	BB	Zdrava	Zdrava	Dve kopiji alela A	Zdrava	B/B
34038059	Popic	Sreda	709.5	168.5	38	A	4.15	3.11	4.81	8.65	-0.528	8.5	147	BB	2017-11-07	zjutraj	7480	4	3374904	Rjava	2011	101.9	101.4	NA	NA	103.8	4	2017-10-11	27	BB	AA	AA	BB	AA	BB	Zdrava	Zdrava	Dve kopiji alela A	Zdrava	B/B
34056220	Popic	Saša	1227.5	192.5	39	B	2.95	3.77	4.55	9.06	-0.52	8.4	170	BB	2017-11-07	zjutraj	7480	3	3479707	Rjava	2012	110.8	108.7	NA	NA	99.8	3	2016-11-12	360	BB	AA	AA	BB	AA	BB	Zdrava	Zdrava	Dve kopiji alela A	Zdrava	B/B
34101502	Kramer	Sivka	680.5	136	46	A	4.59	4.46	3.44	4.64	8.81	-0.531	16	BB	2017-11-08	zjutraj	4725	2	3895892	Rjava	2013	97.4	95.9	NA	NA	93.9	2	2017-02-20	261	BB	AA	AA	BB	AA	BB	Zdrava	Zdrava	Dve kopiji alela A	Zdrava	B/B
34184514	Tajnik	Bata	806	130	48	A	3.86	3.11	4.55	8.39	-0.522	15.2	59	AB	2017-10-23	zvecer	16217	3	3506989	Rjava	2012	104.7	98.3	NA	NA	101.3	3	2017-07-24	91	BB	AA	AA	AB	AA	BB	Zdrava	Zdrava	Dve kopiji alela A	Zdrava	A/B
34184590	Knez	Smrketa	1365	222	29	B	4.37	3.05	4.69	8.48	-0.523	31.3	99		2017-11-02	zjutraj	3984	3	3539379	Rjava	2012	97.1	95.3	NA	NA	96.2	3	2017-10-05	28	BB	AA	AA	00	AA	BB	Zdrava	Zdrava	Dve kopiji alela A	Zdrava	A/B
34294046	Popic	Sloka	551	128.5	49.5	D	4.5	4.11	4.44	9.27	-0.528	10.9	170	BB	2017-11-07	zjutraj	7480	2	3746864	Rjava	2013	96.2	100.9	NA	NA	94.8	2	2017-02-20	260	BB	AA	AA	BB	AA	BB	Zdrava	Zdrava	Dve kopiji alela A	Zdrava	B/B
34294060	Popic	Maxima	655.5	153	46.5	D	4.22	3.41	4.76	8.9	-0.521	16.4	40	BB	2017-11-07	zjutraj	7480	2	3850717	Rjava	2013	102.4	103	NA	NA	98.7	2	2017-08-26	73	BB	AA	AA	BB	AA	BB	Zdrava	Zdrava	Dve kopiji alela A	Zdrava	B/B
34297953	Jan	Reka	687	147	44	A	4.72	3.38	4.39	8.5	-0.525	9	116	BB	2017-11-08	zjutraj	3262	2	3730170	Rjava	2013	95.9	96.5	NA	NA	94.7	2	2017-05-04	188	BB	BA	AA	BB	AA	BB	Zdrava	Prenašalka	Dve kopiji alela A	Zdrava	B/B
34418822	Verdel	Struna	732	160.5	49	A	5.47	4.46	4.36	9.55	-0.518	3	3391	AB	2017-10-25	zvecer	30033	2	3924275	Rjava	2014	99.3	105.7	NA	NA	106.5	2	2017-05-02	176	BB	AA	AA	AB	AA	BB	Zdrava	Zdrava	Dve kopiji alela A	Zdrava	A/B
34496011	Verdel	Sova	990	172.5	43	A	5.32	3.94	4.55	9.22	-0.525	5.5	148	AA	2017-10-25	zvecer	30033	1	4012854	Rjava	2014	94.1	89.9	NA	NA	84	1	2016-09-30	390	BB	AA	AA	AA	AA	BB	Zdrava	Zdrava	Dve kopiji alela A	Zdrava	A/A
34505449	Marolt	Prada	793	153	49	A	4.82	4.74	4.74	10.2	-0.536	30.9	62	AB	2017-10-26	zvecer	5825	1	4144475	Rjava	2014	88.5	96.2	NA	NA	95.7	1	2017-01-24	275	BB	AA	AA	AB	AA	BB	Zdrava	Zdrava	Dve kopiji alela A	Zdrava	A/B
43529007	Kramer	Slina	847	176	41	A	4.37	4.24	3.8	4.59	9.12	-0.535	15.8	BB	2017-11-08	zjutraj	4725	3	3627367	Rjava	2012	104	103.9	NA	NA	98.4	3	2017-03-15	238	BB	AA	AA	BB	AA	BB	Zdrava	Zdrava	Dve kopiji alela A	Zdrava	B/B
43611320	Lesjak	Mravlja	1089	180	43	B	4.29	3.99	4.5	9.22	-0.518	27.2	233	BB	2017-10-18	zjutraj	5347	7	2624309	Rjava	2008	107.5	109.1	NA	NA	111.5	7	2017-07-01	109	BB	AA	AA	BB	AA	BB	Zdrava	Zdrava	Dve kopiji alela A	Zdrava	B/B
43653177	Vasle	Dora	1519.5	213	22	F	4.54	3.28	4.22	8.24	-0.517	11.2	42	BB	2017-10-19	zjutraj	11685	7	2572977	Rjava	2008	90.8	88.3	NA	NA	85	7	2017-04-30	172	BB	AA	AA	BB	AA	BB	Zdrava	Zdrava	Dve kopiji alela A	Zdrava	B/B
43875418	Vasle	Mica	877	197	40	A	3.66	3.18	4.66	8.57	-0.518	15.3	115	BB	2017-10-19	zjutraj	11685	4	3090538	Rjava	2010	103.9	106.4	NA	NA	101.6	4	2017-06-12	129	BB	AA	AA	BB	AA	BB	Zdrava	Zdrava	Dve kopiji alela A	Zdrava	B/B
43918270	Arlic	Hitra	502	318	46	D	4.39	3.87	4.49	9.09	-0.52	9.6	261	AB	2017-11-09	zjutraj	178	5	3059492	Rjava	2010	101.7	101.2	NA	NA	92.6	5	2016-11-29	345	BB	AA	AA	AB	AA	BB	Zdrava	Zdrava	Dve kopiji alela A	Zdrava	A/B
43995444	Popic	Sidra	0	0	0	F	4.44	3.94	4.2	8.87	-0.522	17	524	BB	2017-11-07	zjutraj	7177	3	3227260	Rjava	2011	111.3	114.7	NA	NA	115.9	3	2016-08-02	462	BB	AA	AA	BB	AA	BB	Zdrava	Zdrava	Dve kopiji alela A	Zdrava	B/B
44147376	Popic	Suxa	837	157	43	A	5.99	4.43	4.56	9.72	-0.534	13.4	285	BB	2017-11-07	zjutraj	7177	5	3371661	Rjava	2011	106.4	109.3	NA	NA	111.1	5	2017-11-06	1	BB	AA	AA	BB	AA	BB	Zdrava	Zdrava	Dve kopiji alela A	Zdrava	B/B
44155658	Rakun	Vata	754	173	41	A	3.67	2.91	4.46	8.09	-0.517	16.9	537	BB	2017-11-06	zjutraj	7871	3	3453453	Rjava	2012	103.6	101.3	NA	NA	93.8	3	2017-09-15	52	BB	AA	AA	BB	AA	BB	Zdrava	Zdrava	Dve kopiji alela A	Zdrava	B/B
44181008	Arlic	Soca	656	169	45	D	6.03	4.12	4.16	9.01	-0.517	13	322	BB	2017-11-09	zjutraj	178	4	3494709	Rjava	2012	107.5	105.9	NA	NA	102.3	4	2017-11-02	7	BB	AA	AA	BB	AA	BB	Zdrava	Zdrava	Dve kopiji alela A	Zdrava	B/B
44191162	Verdev	Oca	632	149	44	D	5.17	3.92	4.51	9.16	-0.53	9.1	42		2017-10-26	zjutraj	9624	3	3570792	Holstein	2012	NA	NA	NA	NA	NA	3	2017-03-01	239	NA	NA	NA	NA	NA	NA	NA	NA	NA	NA	NA
44191399	Verdel	Lara	1007	176	44	A	5.62	3.45	4.57	8.75	-0.518	9.2	178	BB	2017-10-25	zvecer	30033	3	3618184	Rjava	2012	105.3	101.3	NA	NA	101.2	3	2017-06-14	133	BB	AA	AA	BB	AA	BB	Zdrava	Zdrava	Dve kopiji alela A	Zdrava	B/B
44217046	Popic	Meka	1074	195.5	38.5	A	4.09	3.44	4.47	8.64	-0.521	8.6	97	AB	2017-11-07	zjutraj	7480	3	3559148	Rjava	2012	98.6	97.7	NA	NA	99.2	3	2017-08-09	90	BB	AA	AA	AB	AA	BB	Zdrava	Zdrava	Dve kopiji alela A	Zdrava	A/B
44239077	Verdel	Pika	1059.5	177.5	45.5	A	4.25	3.26	4.44	8.44	-0.519	7.1	112	BB	2017-10-25	zvecer	30033	3	3649312	Rjava	2013	104.8	105.7	NA	NA	104.6	3	2017-06-13	134	BB	AA	AA	BB	AA	BB	Zdrava	Zdrava	Dve kopiji alela A	Zdrava	B/B
44298609	Arlic	Honda	846.5	193	37	A	5.98	4.12	4.47	9.32	-0.519	11.4	122	AA	2017-11-09	zjutraj	178	2	3755079	Rjava	2013	112.4	112.5	NA	NA	117	2	2017-01-09	304	BB	AA	AA	AA	AA	BB	Zdrava	Zdrava	Dve kopiji alela A	Zdrava	A/A
44349970	Vasle	Dara	640	207	41	D	4.24	3.89	4.51	9.13	-0.528	16	97	AA	2017-10-19	zjutraj	11685	1	3957297	Rjava	2014	107.2	106.2	NA	NA	108.9	1	2016-10-10	374	BB	AA	AA	AA	AA	BB	Zdrava	Zdrava	Dve kopiji alela A	Zdrava	A/A
44354118	Lesjak	Dasa	778	153	46	A	5.11	3.8	4.58	9.11	-0.517	14.7	127	AB	2017-10-18	zjutraj	5347	1	4136780	Rjava	2014	102.4	105.8	NA	NA	114.2	1	2017-01-15	276	BB	AA	AA	AB	AA	BB	Zdrava	Zdrava	Dve kopiji alela A	Zdrava	A/B
44380513	Brecl	Vidra	1143.5	176	42.5	B	4.18	3.68	4.71	9.13	-0.53	5.8	381	BB	2017-10-20	zvecer	921	1	4050415	Rjava	2014	100.7	101.9	NA	NA	94.4	1	2016-12-14	310	BB	BA	AA	BB	AA	BB	Zdrava	Prenašalka	Dve kopiji alela A	Zdrava	B/B
44381459	Kramer	Soja	701.5	176	43	A	4.68	4.54	3.66	4.61	9	-0.527	14.2	AB	2017-11-08	zjutraj	4725	1	4016631	Rjava	2014	103.4	101.5	NA	NA	98	1	2016-08-31	434	BB	AA	AA	AB	AA	BB	Zdrava	Zdrava	Dve kopiji alela A	Zdrava	A/B
44446981	Verdev	Zana	795	149	45	A	4.84	3.7	4.73	9.16	-0.524	5	59		2017-10-26	zjutraj	9624	1	4074972	Holstein	2014	NA	NA	NA	NA	NA	1	2017-03-01	239	NA	NA	NA	NA	NA	NA	NA	NA	NA	NA	NA
44463814	Popic	Surla	1212	207	38	B	4.36	3.69	4.7	9.12	-0.528	21.6	65	AB	2017-11-07	zjutraj	7177	1	4015826	Rjava	2014	107.4	108.3	NA	NA	106.6	1	2016-12-08	334	BB	AA	AA	AB	AA	BB	Zdrava	Zdrava	Dve kopiji alela A	Zdrava	A/B
44502665	Jan	Cita	1474	182	30	B	5.61	3.81	4.51	9.05	-0.529	14.6	55	BB	2017-11-08	zjutraj	3262	1	4087941	Rjava	2014	102.3	103.8	NA	NA	104.8	1	2016-12-19	324	BB	AA	AA	BB	AA	BB	Zdrava	Zdrava	Dve kopiji alela A	Zdrava	B/B
53186841	Jan	Reneta	831	184	39	A	4.5	3.23	4.51	8.47	-0.518	13.5	320	BB	2017-11-08	zjutraj	3262	7	2122874	Rjava	2006	90	90.4	NA	NA	86.4	7	2017-01-28	284	BB	AA	AA	BB	AA	BB	Zdrava	Zdrava	Dve kopiji alela A	Zdrava	B/B
53529006	Kramer	Spaka	1386	248.5	27	B	4.56	4.43	3.27	4.71	8.71	-0.52	14.5	AB	2017-11-08	zjutraj	4725	4	3456406	Rjava	2012	95.2	95.1	NA	NA	98.6	4	2017-07-05	126	BB	AA	AA	00	AA	BB	Zdrava	Zdrava	Dve kopiji alela A	Zdrava	A/B
53699006	Lesjak	Dika	1411	205	32.5	B	4	3.63	4.43	8.79	-0.527	22.6	547	BB	2017-10-18	zjutraj	5347	6	2657343	Rjava	2009	95.1	97.2	NA	NA	92.8	6	2017-06-19	121	AB	AA	AA	BB	AA	BB	Prenašalka	Zdrava	Dve kopiji alela A	Zdrava	B/B
53734372	Oblak	Pika	1606	195	20	F	4.25	3.26	4.44	8.44	-0.519	7.1	112	AB	2017-10-24	zvecer	6658	5	2796277	Rjava	2009	95.3	96.6	NA	NA	96.2	5	2017-01-28	269	BB	AA	AA	AB	AA	BB	Zdrava	Zdrava	Dve kopiji alela A	Zdrava	A/B
53751030	Jan	Dorina	1241	203	37	B	5.1	4.05	4.17	8.95	-0.522	8.6	195	AB	2017-11-08	zjutraj	3262	5	2904612	Rjava	2010	89.4	90.7	NA	NA	87.9	5	2016-10-15	389	BB	AA	AA	AB	AA	BB	Zdrava	Zdrava	Dve kopiji alela A	Zdrava	A/B
53861641	Lesjak	Moca	604	136	48	D	3.39	3.68	4.46	8.87	-0.519	21.1	583	AB	2017-10-18	zjutraj	5347	5	3022473	Rjava	2010	95.2	97.5	NA	NA	101.6	5	2016-11-09	343	BB	AA	AA	AB	AA	BB	Zdrava	Zdrava	Dve kopiji alela A	Zdrava	A/B
54191381	Verdel	Srna	749.5	136	46.5	A	5.57	4.32	4.95	10	-0.534	4.9	223	AB	2017-10-25	zvecer	30033	2	3610073	Rjava	2012	96.9	96.4	NA	NA	92.5	2	2016-07-14	468	BB	AA	AA	AB	AA	BB	Zdrava	Zdrava	Dve kopiji alela A	Zdrava	A/B
54294068	Popic	Magya	1258	206	32.5	B	4.49	3.48	4.43	8.64	-0.511	12.8	287	BB	2017-11-07	zjutraj	7480	2	3786123	Rjava	2013	98.8	96.8	NA	NA	100.5	2	2017-09-08	60	BB	AA	AA	BB	AA	BB	Zdrava	Zdrava	Dve kopiji alela A	Zdrava	B/B
54298574	Arlic	Happy	909.5	175	42	A	4.57	4.24	4.59	9.57	-0.525	9.2	135	AB	2017-11-09	zjutraj	178	2	3742542	Rjava	2013	111.7	112.1	NA	NA	115.5	2	2017-01-20	293	BB	AA	AA	AB	AA	BB	Zdrava	Zdrava	Dve kopiji alela A	Zdrava	A/B
54307634	Arlic	Helga	793	176	41	A	3.89	3.5	4.69	8.91	-0.528	22.8	32	AB	2017-11-09	zjutraj	178	2	3847731	Rjava	2013	102.2	99.1	NA	NA	102.7	2	2017-10-25	15	BB	AA	AA	AB	AA	BB	Zdrava	Zdrava	Dve kopiji alela A	Zdrava	A/B
54413698	Knez	Mirna	953.5	177.5	45	A	2.73	3.63	4.76	9.12	-0.522	13	150		2017-11-02	zjutraj	3984	2	3885994	Rjava	2013	96.3	97.5	NA	NA	95.4	2	2017-10-04	29	BB	AA	AA	BB	AA	BB	Zdrava	Zdrava	Dve kopiji alela A	Zdrava	B/B
54424636	Marolt	Sidra	707.5	149	46.5	A	4.46	3.9	4.51	9.14	-0.524	23.6	192	AB	2017-10-26	zvecer	5825	1	4025938	Rjava	2014	99.9	104.2	NA	NA	105.8	1	2017-04-09	200	BB	AA	AA	AB	AA	AB	Zdrava	Zdrava	Dve kopiji alela A	Prenašalka	A/B
54424904	Knez	Megi	856	167	43.5	A	3.72	3.15	4.66	8.55	-0.514	19.7	336		2017-11-02	zjutraj	3984	1	4021513	Rjava	2014	NA	NA	NA	NA	NA	1	2017-03-24	223	NA	NA	NA	NA	NA	NA	NA	NA	NA	NA	NA
54463820	Popic	Eli	1191.5	198	37.5	B	4.31	3.92	4.62	9.27	-0.524	18.2	39	AB	2017-11-07	zjutraj	7177	1	4060981	Rjava	2014	109.2	107.1	NA	NA	109.3	1	2016-12-17	325	BB	BA	AA	AB	AA	BB	Zdrava	Prenašalka	Dve kopiji alela A	Zdrava	A/B
54497979	Rakun	Zera	1129	176	40	B	5.26	4.15	4.77	9.66	-0.534	16.1	69	BB	2017-11-06	zjutraj	7871	1	4055782	Rjava	2014	96.4	100.6	NA	NA	98.2	1	2016-12-29	312	BB	AA	AA	BB	AA	BB	Zdrava	Zdrava	Dve kopiji alela A	Zdrava	B/B
63490514	Kramer	Snežka	641	168.5	43	D	4.96	4.82	3.1	4.44	8.27	-0.501	18.1	AB	2017-11-08	zjutraj	4725	4	3208548	Rjava	2011	95.1	101.5	NA	NA	103.7	4	2017-07-04	127	BB	AA	AA	AB	AA	BB	Zdrava	Zdrava	Dve kopiji alela A	Zdrava	A/B
63645226	Knez	Muca	1304	193	38	B	2.56	3.81	4.86	9.39	-0.54	20.5	137		2017-11-02	zjutraj	3984	6	2536172	Rjava	2008	NA	NA	NA	NA	NA	6	2016-04-17	564	NA	NA	NA	NA	NA	NA	NA	NA	NA	NA	NA
63648669	Marolt	Berta	1296	183.5	42	B	4.7	4.41	4.08	9.22	-0.529	30.3	386	AB	2017-10-26	zvecer	5825	5	2559328	Rjava	2008	102.5	101.1	NA	NA	101.2	5	2016-01-05	660	BB	AA	AA	AB	AA	BB	Zdrava	Zdrava	Dve kopiji alela A	Zdrava	A/B
63753237	Arlic	Saloma	1203.5	211	38.5	B	4.73	4.22	4.01	8.96	-0.514	6.9	151	AB	2017-11-09	zjutraj	178	4	2898653	Rjava	2009	110.6	109.3	NA	NA	113.6	4	2016-08-26	440	BB	AA	AA	AB	AA	AB	Zdrava	Zdrava	Dve kopiji alela A	Prenašalka	A/B
63817445	Rakun	Zora	954	170	48	A	4.06	3.59	4.41	8.73	-0.531	14.8	352	BB	2017-11-06	zjutraj	7871	5	2948614	Rjava	2010	94.2	92.9	NA	NA	93.7	5	2017-02-11	268	BB	AA	AA	BB	AA	BB	Zdrava	Zdrava	Dve kopiji alela A	Zdrava	B/B
63858806	Vasle	Maca	434.5	190	39.5	D	3.46	3.66	4.67	9.06	-0.531	12.8	984	BB	2017-10-19	zjutraj	11685	5	2981337	Rjava	2010	91.7	86.8	NA	NA	82.3	5	2016-11-25	328	BB	AA	AA	BB	AA	BB	Zdrava	Zdrava	Dve kopiji alela A	Zdrava	B/B
63947511	Arlic	Sakala	1121	191	36.5	B	4.17	3.62	4.37	8.73	-0.532	12.9	88	BB	2017-11-09	zjutraj	178	5	3157332	Rjava	2011	101.9	105.2	NA	NA	105.2	5	2017-06-26	136	BB	AA	AA	BB	AA	BB	Zdrava	Zdrava	Dve kopiji alela A	Zdrava	B/B
63952467	Verdel	Lepa	738.5	187.5	43	A	4.6	3.19	4.56	8.47	-0.522	10.6	151		2017-10-25	zvecer	30033	4	3214786	Holstein	2011	NA	NA	NA	NA	NA	4	2017-04-14	194	NA	NA	NA	NA	NA	NA	NA	NA	NA	NA	NA
64014793	Vasle	Dana	1135.5	168	42.5	B	4.01	3.88	4.5	9.11	-0.526	11.8	132	BB	2017-10-19	zjutraj	11685	3	3275356	Rjava	2011	103.7	107.4	NA	NA	106.2	3	2016-08-03	442	BB	AA	AA	BB	AA	BB	Zdrava	Zdrava	Dve kopiji alela A	Zdrava	B/B
64038056	Popic	Seka	400	162.5	24	A	4.35	3.7	4.81	9.24	-0.532	11.4	19	AB	2017-11-07	zjutraj	7480	4	3353793	Rjava	2011	97.2	101.4	NA	NA	95.9	4	2017-07-23	107	BB	AA	AA	AB	AA	BB	Zdrava	Zdrava	Dve kopiji alela A	Zdrava	A/B
64181044	Brecl	Vrba	887.5	0	1	F	3.88	4.25	4.33	9.31	-0.525	10	337		2017-10-20	zvecer	921	3	3510909	Rjava	2012	NA	NA	NA	NA	NA	3	2017-02-25	237	NA	NA	NA	NA	NA	NA	NA	NA	NA	NA	NA
64217075	Popic	Pupa	1001	160	45	A	3.68	3.89	4.63	9.25	-0.53	14.2	111	BB	2017-11-07	zjutraj	7177	2	3722508	Rjava	2013	103.9	100.7	NA	NA	94.3	2	2016-10-26	377	BB	AA	AA	BB	AA	00	Zdrava	Zdrava	Dve kopiji alela A	NA	B/B
64294050	Popic	Sama	1048	220.5	36	B	3.91	3.39	4.28	8.4	-0.525	16.8	189	BB	2017-11-07	zjutraj	7480	2	3746922	Rjava	2013	108.4	105.9	NA	NA	108.8	2	2017-02-17	263	BB	AA	AA	BB	AA	AB	Zdrava	Zdrava	Dve kopiji alela A	Prenašalka	B/B
64294074	Popic	Mala	1192	168	35	B	5.24	4.99	4.65	10.37	-0.528	7.2	117	AB	2017-11-07	zjutraj	7480	1	3806291	Rjava	2013	88.3	92.4	NA	NA	90	1	2016-11-16	356	BB	AA	AA	AB	AA	BB	Zdrava	Zdrava	Dve kopiji alela A	Zdrava	A/B
64298573	Arlic	Seja	877.5	193	42	A	5	3.74	4.49	8.96	-0.514	17.8	61	AB	2017-11-09	zjutraj	178	2	3742014	Rjava	2013	105.1	105.4	NA	NA	106.1	2	2017-04-13	210	BB	AA	AA	AB	AA	BB	Zdrava	Zdrava	Dve kopiji alela A	Zdrava	A/B
64304692	Popic	Sabina	1350	230	28	B	4.48	3.22	4.78	8.73	-0.516	11.8	17	AB	2017-11-07	zjutraj	7177	2	3827479	Rjava	2013	105.5	105.4	NA	NA	111.9	2	2017-07-14	116	BB	AA	AA	AB	AA	BB	Zdrava	Zdrava	Dve kopiji alela A	Zdrava	A/B
64354130	Lesjak	Dama	701.5	153	44	A	4.47	3.46	4.77	8.95	-0.521	14.2	90	BB	2017-10-18	zjutraj	5347	1	3961008	Rjava	2014	102.8	107.5	NA	NA	110.6	1	2016-09-17	396	BB	AA	AA	BB	AA	BB	Zdrava	Zdrava	Dve kopiji alela A	Zdrava	B/B
64415060	Verdel	Bina	574	144	46.5	D	4.2	2.89	4.76	8.38	-0.532	1.6	26		2017-10-25	zvecer	30033	2	3903290	Lisasta	2014	NA	NA	NA	NA	NA	2	2017-06-19	128	NA	NA	NA	NA	NA	NA	NA	NA	NA	NA	NA
64494140	Arlic	Holca	902	190	40	A	4.32	3.46	4.6	8.78	-0.53	11.9	35	AB	2017-11-09	zjutraj	178	1	3996171	Rjava	2014	100.7	101.2	NA	NA	104.5	1	2016-12-13	331	BB	AA	AA	AB	AA	BB	Zdrava	Zdrava	Dve kopiji alela A	Zdrava	A/B
73750264	Oblak	Cita	1283	109	32.5	B	5.57	4.32	4.95	10	-0.534	4.9	223	AB	2017-10-24	zvecer	6658	6	2857781	Rjava	2009	101.6	103.9	NA	NA	97.8	6	2017-06-10	136	BB	AA	AA	AB	AA	BB	Zdrava	Zdrava	Dve kopiji alela A	Zdrava	A/B
73856494	Arlic	Sofija	998.5	168	43	A	4.17	3.81	4.34	8.87	-0.529	14.7	538	BB	2017-11-09	zjutraj	178	5	2981304	Rjava	2010	110.8	112.3	NA	NA	110.1	5	2017-04-01	222	BB	AA	AA	BB	AA	BB	Zdrava	Zdrava	Dve kopiji alela A	Zdrava	B/B
73882600	Popic	Sahila	988	165	43	A	4.96	4.03	4.69	9.45	-0.53	13.3	22	BB	2017-11-07	zjutraj	7480	5	3181324	Rjava	2011	107.7	118.8	NA	NA	120.6	5	2017-08-29	70	BB	AA	AA	BB	AA	BB	Zdrava	Zdrava	Dve kopiji alela A	Zdrava	B/B
73946708	Oblak	Srcka	609.5	104	44	D	5.68	4.52	4.47	9.73	-0.524	8	34	BB	2017-10-24	zvecer	6658	5	3156032	Rjava	2011	103.1	99.7	NA	NA	98.6	5	2017-10-09	15	BB	AA	AA	BB	AA	BB	Zdrava	Zdrava	Dve kopiji alela A	Zdrava	B/B
73948889	Knez	Murka	1260	189.5	38	B	4.06	3.99	4.75	9.47	-0.538	19.3	82		2017-11-02	zjutraj	3984	4	3182835	Rjava	2011	101.1	107.5	NA	NA	112	4	2016-09-29	399	BB	AA	AA	BB	AA	BB	Zdrava	Zdrava	Dve kopiji alela A	Zdrava	B/B
74056219	Oblak	Srna	1523.5	112	30.5	F	4.75	3.59	4.8	9.11	-0.526	8.1	67	BB	2017-10-24	zvecer	6658	3	3479704	Rjava	2012	100.4	101.1	NA	NA	97.3	3	2016-09-29	390	BB	AA	AA	BB	AA	BB	Zdrava	Zdrava	Dve kopiji alela A	Zdrava	B/B
74151125	Verdev	Lepa	658	151	45	D	4.4	3.97	4.72	9.42	-0.542	6.9	200		2017-10-26	zjutraj	9624	4	3393143	Lisasta	2012	NA	NA	NA	NA	NA	4	2017-05-09	170	NA	NA	NA	NA	NA	NA	NA	NA	NA	NA	NA
74155693	Rakun	Zanka	1329	175	36	B	3.94	4.06	4.44	9.23	-0.529	16.8	214	BB	2017-11-06	zjutraj	7871	3	3462043	Rjava	2012	94.6	94.7	NA	NA	96.6	3	2017-01-03	307	BB	AA	AA	BB	AA	BB	Zdrava	Zdrava	Dve kopiji alela A	Zdrava	B/B
74191011	Vasle	Dama	711	152	44.5	A	3.5	3.77	4.66	9.17	-0.523	8.7	606	BB	2017-10-19	zjutraj	11685	3	3567647	Rjava	2012	102.1	107.3	NA	NA	105.6	3	2017-03-11	222	BB	AA	AA	BB	AA	BB	Zdrava	Zdrava	Dve kopiji alela A	Zdrava	B/B
74234299	Lesjak	Draga	1142.5	180	40.5	B	4.06	3.71	4.39	8.83	-0.515	13.7	628	BB	2017-10-18	zjutraj	5347	2	3865403	Rjava	2013	102.9	106.2	NA	NA	98.9	2	2017-04-05	196	BB	AA	AA	BB	AA	BB	Zdrava	Zdrava	Dve kopiji alela A	Zdrava	B/B
74241329	Jan	Bosa	816	169	38	A	4.5	3.47	4.7	8.9	-0.528	11.7	212		2017-11-08	zjutraj	3262	3	3653618	Rjava	2013	81.8	81.8	NA	NA	82.2	3	2017-03-22	231	NA	NA	NA	NA	NA	NA	NA	NA	NA	NA	NA
74275870	Verdev	Liska	0	0	0	F	4.47	4	4.08	8.81	-0.53	9.4	423		2017-10-26	zjutraj	9624	3	3695703	Lisasta	2013	NA	NA	NA	NA	NA	3	2017-03-09	231	NA	NA	NA	NA	NA	NA	NA	NA	NA	NA	NA
74294066	Popic	Syra	980	114	38	B	5.58	4.06	4.46	9.25	-0.521	15.4	193	AB	2017-11-07	zjutraj	7480	2	3786119	Rjava	2013	105.6	107.2	NA	NA	106.4	2	2017-04-30	191	BB	AA	AA	AB	AA	BB	Zdrava	Zdrava	Dve kopiji alela A	Zdrava	A/B
74294080	Popic	Morava	0	0	0	F	4.15	3.64	4.43	8.8	-0.532	15.7	58	AB	2017-11-07	zjutraj	7480	2	3850735	Rjava	2013	113.5	117	NA	NA	107.5	2	2017-07-26	104	BB	AA	AA	AB	AA	BB	Zdrava	Zdrava	Dve kopiji alela A	Zdrava	A/B
74298565	Popic	Sivila	641	174	40	D	4.42	3.88	4.72	9.33	-0.524	19.6	98	AB	2017-11-07	zjutraj	7177	2	3738141	Rjava	2013	101.2	96.5	NA	NA	99.9	2	2016-10-30	373	BB	AA	AA	AB	AA	BB	Zdrava	Zdrava	Dve kopiji alela A	Zdrava	A/B
74303009	Knez	Mula	1067	199	34	A	3.95	3.13	4.48	8.34	-0.521	16.4	2021		2017-11-02	zjutraj	3984	2	3826494	Rjava	2013	107.4	102.8	NA	NA	108.3	2	2017-05-21	165	BB	AA	AA	BB	AA	BB	Zdrava	Zdrava	Dve kopiji alela A	Zdrava	B/C
74378090	Popic	Vanja	1283	182	38	B	2.78	3.44	4.76	8.93	-0.535	23.3	11	BB	2017-11-07	zjutraj	7177	2	3941491	Rjava	2014	106.1	109.2	NA	NA	109.9	2	2017-08-10	89	BB	AA	AA	BB	AA	BB	Zdrava	Zdrava	Dve kopiji alela A	Zdrava	B/B
74446995	Verdev	Zafira	1043	204	35	A	4.97	3.37	4.72	8.82	-0.529	7.3	411		2017-10-26	zjutraj	9624	1	4157581	Holstein	2015	NA	NA	NA	NA	NA	1	2017-03-04	236	NA	NA	NA	NA	NA	NA	NA	NA	NA	NA	NA
74543243	Verdel	Muca	602.5	146.5	50.5	D	4.45	3.2	4.7	8.63	-0.518	5.6	103		2017-10-25	zvecer	30033	1	4177907	Holstein	2015	NA	NA	NA	NA	NA	1	2017-03-01	238	NA	NA	NA	NA	NA	NA	NA	NA	NA	NA	NA
74565401	Popic	Ani	968.5	205	38	A	6.14	3.49	4.39	8.61	-0.524	18.7	146	BB	2017-11-07	zjutraj	7177	1	4155235	Rjava	2014	115.6	118.3	NA	NA	119.7	1	2016-12-29	313	BB	AA	AA	BB	AA	BB	Zdrava	Zdrava	Dve kopiji alela A	Zdrava	B/B
83737138	Jan	coka	1044.5	185	36.5	A	3.8	2.99	4.49	8.21	-0.522	5.6	205	BB	2017-11-08	zjutraj	3262	6	2826215	Rjava	2009	93.8	90.6	NA	NA	84.3	6	2017-10-17	22	AB	AA	AA	BB	AA	BB	Prenašalka	Zdrava	Dve kopiji alela A	Zdrava	B/B
83754391	Rakun	Zaharija	617	184	46	D	3.09	3.08	4.66	8.48	-0.536	15.8	50	BB	2017-11-06	zjutraj	7871	5	2906743	Rjava	2010	99	96.9	NA	NA	92.6	5	2017-09-20	47	BB	AA	AA	00	AA	BB	Zdrava	Zdrava	Dve kopiji alela A	Zdrava	B/B
83920349	Oblak	Sidra	0	0	0	F	4.71	3.72	4.52	8.97	-0.525	11.1	2943	AB	2017-10-24	zvecer	6658	5	3103394	Rjava	2010	104.2	107.7	NA	NA	111	5	2017-02-16	250	BB	AA	AA	AB	AA	BB	Zdrava	Zdrava	Dve kopiji alela A	Zdrava	A/B
83948864	Tajnik	Jata	0	0	0	F	4.24	3.92	4.11	8.75	-0.522	10.9	776	AB	2017-10-23	zvecer	16217	4	3170756	Rjava	2011	95	101.6	NA	NA	101	4	2016-08-31	418	AB	AA	AA	AB	AA	BB	Prenašalka	Zdrava	Dve kopiji alela A	Zdrava	A/B
83949810	Popic	Lejdi	839	176	45	A	4.88	3.24	4.6	8.57	-0.516	17.5	19	BB	2017-11-07	zjutraj	7177	4	3179906	Rjava	2011	87.4	85.3	NA	NA	88.4	4	2017-10-03	35	BB	AA	AA	BB	AA	BB	Zdrava	Zdrava	Dve kopiji alela A	Zdrava	B/B
84015417	Jan	Sreca	864	167	38.5	A	5.2	3.34	4.54	8.61	-0.531	10.7	354	AB	2017-11-08	zjutraj	3262	3	3272515	Rjava	2011	107.8	107.9	NA	NA	101.2	3	2016-12-29	314	BB	AA	AA	AB	AA	BB	Zdrava	Zdrava	Dve kopiji alela A	Zdrava	A/B
84056225	Popic	Solda	942	91	39	A	3.83	3.73	4.44	8.9	-0.524	11.8	207		2017-11-07	zjutraj	7480	3	3479702	Rjava	2012	NA	NA	NA	NA	NA	3	2017-09-18	50	NA	NA	NA	NA	NA	NA	NA	NA	NA	NA	NA
84151966	Marolt	Vila	862	147	50	A	4.72	4.13	4.37	9.23	-0.529	24.3	178	BB	2017-10-26	zvecer	5825	4	3428565	Rjava	2012	107.5	107.6	NA	NA	103.5	4	2017-04-08	201	BB	BA	AA	BB	AA	BB	Zdrava	Prenašalka	Dve kopiji alela A	Zdrava	B/B
84180780	Marolt	Maga	1566	206	23	F	3.93	3.9	4.43	9.07	-0.528	18.3	102	AB	2017-10-26	zvecer	5825	4	3491442	Rjava	2012	102.6	105.2	NA	NA	98.9	4	2017-02-23	245	BB	AA	AA	AB	AA	BB	Zdrava	Zdrava	Dve kopiji alela A	Zdrava	A/B
84235419	Popic	Nona	1060	161	47	A	5.22	4.47	4.35	9.55	-0.521	9.4	54	BB	2017-11-07	zjutraj	7177	3	3605572	Rjava	2012	109.3	119	NA	NA	117.3	3	2016-10-21	382	BB	AA	AA	00	AA	BB	Zdrava	Zdrava	Dve kopiji alela A	Zdrava	B/B
84241311	Knez	Miss	677	157	44	A	3.74	3.12	4.75	8.6	-0.525	21.5	71		2017-11-02	zjutraj	3984	3	3642738	Rjava	2012	NA	NA	NA	NA	NA	3	2017-07-28	97	NA	NA	NA	NA	NA	NA	NA	NA	NA	NA	NA
84294065	Popic	Vanda	503	167	23	A	6.34	4.72	4.59	10.04	-0.522	8.5	106	AA	2017-11-07	zjutraj	7480	1	3892680	Rjava	2013	108.8	112.8	NA	NA	120.2	1	2016-12-16	326	BB	AA	AA	AA	AA	BB	Zdrava	Zdrava	Dve kopiji alela A	Zdrava	A/A
84303060	Knez	Sladka	1363.5	203	32.5	B	4.88	3.27	4.81	8.82	-0.519	14.6	98		2017-11-02	zjutraj	3984	2	3785508	Rjava	2013	98.1	100.8	NA	NA	98	2	2017-08-10	84	BB	AA	AA	BB	AA	BB	Zdrava	Zdrava	Dve kopiji alela A	Zdrava	B/B
84413482	Jan	Sivka	1441	113	21.5	B	4.71	3.64	4.74	9.11	-0.522	14.5	189	AA	2017-11-08	zjutraj	3262	1	3878398	Rjava	2013	102.5	98.3	NA	NA	99	1	2016-10-02	402	BB	AA	AA	AA	AA	BB	Zdrava	Zdrava	Dve kopiji alela A	Zdrava	A/A
84415666	Jan	Repa	1172.5	203	36	B	4.68	3.39	4.6	8.72	-0.527	11.4	419	BB	2017-11-08	zjutraj	3262	1	3890358	Rjava	2013	106.2	105	NA	NA	104.5	1	2016-04-18	569	BB	AA	AA	BB	AA	BB	Zdrava	Zdrava	Dve kopiji alela A	Zdrava	B/B
84497581	Verdel	Svila	793	153	47.5	A	5.68	4.52	4.47	9.73	-0.524	8	34	BB	2017-10-25	zvecer	30033	1	4041955	Rjava	2014	110.7	115.5	NA	NA	118.3	1	2017-02-20	247	BB	AA	AA	BB	AA	BB	Zdrava	Zdrava	Dve kopiji alela A	Zdrava	B/B
93489054	Kramer	Muza	711	174.5	41	A	5.01	4.86	2.84	4.5	8.07	-0.528	14.2	AB	2017-11-08	zjutraj	4725	5	2985453	Rjava	2010	93.9	91	NA	NA	90.2	5	2017-06-28	133	BB	AA	AA	AB	AA	BB	Zdrava	Zdrava	Dve kopiji alela A	Zdrava	A/B
93736167	Arlic	Samara	1447	226	28	B	3.93	3.65	4.44	8.81	-0.524	11.7	1237	AB	2017-11-09	zjutraj	178	6	2813724	Rjava	2009	102.2	105.9	NA	NA	105.8	6	2017-06-21	141	BB	AA	AA	AB	AA	BB	Zdrava	Zdrava	Dve kopiji alela A	Zdrava	A/B
93749059	Lesjak	Drca	839	169	45	A	3.8	3.45	4.29	8.47	-0.518	17.7	140	BB	2017-10-18	zjutraj	5347	5	2847567	Rjava	2009	118.8	118.7	NA	NA	113.6	5	2017-09-19	29	BB	AA	AA	BB	AA	BB	Zdrava	Zdrava	Dve kopiji alela A	Zdrava	B/B
93863010	Verdev	Lima	570	133	48	D	1.6	3.14	4.67	8.54	-0.519	4.8	43		2017-10-26	zjutraj	9624	5	3029505	Lisasta	2010	NA	NA	NA	NA	NA	5	2016-10-16	375	NA	NA	NA	NA	NA	NA	NA	NA	NA	NA	NA
93943631	Arlic	Sliva	983.5	191	38	A	3.6	3.74	4.17	8.64	-0.524	8.9	247	AB	2017-11-09	zjutraj	178	4	3129474	Rjava	2010	108.7	104.9	NA	NA	106.3	4	2017-03-02	252	BB	AA	AA	AB	AA	BB	Zdrava	Zdrava	Dve kopiji alela A	Zdrava	A/B
93945121	Kramer	Bilka	1151.5	193	36.5	B	3.94	3.83	2.91	4.73	8.37	-0.516	14.8	AB	2017-11-08	zjutraj	4725	5	3140080	Rjava	2010	86.1	93.3	NA	NA	93.6	5	2017-10-11	28	BB	AA	AA	AB	AA	BB	Zdrava	Zdrava	Dve kopiji alela A	Zdrava	A/B
94018684	Arlic	Salva	1441.5	216	30	B	3.5	3.64	4.34	8.7	-0.52	9.8	1293	AB	2017-11-09	zjutraj	178	4	3307332	Rjava	2011	102	97.8	NA	NA	88.7	4	2017-03-19	235	BB	AA	AA	AB	AA	BB	Zdrava	Zdrava	Dve kopiji alela A	Zdrava	A/B
94038060	Popic	Sreca	978	176	40	A	5.05	4.14	4.54	9.4	-0.528	14.1	1653	AB	2017-11-07	zjutraj	7480	3	3374912	Rjava	2011	102.5	108.7	NA	NA	109.4	3	2016-12-03	339	BB	AA	AA	AB	AA	BB	Zdrava	Zdrava	Dve kopiji alela A	Zdrava	A/B
94158890	Rakun	Sana ?	959	165	44	A	6.01	4.06	4.51	9.3	-0.516	16.4	59	AB	2017-11-06	zjutraj	7871	3	3474649	Rjava	2012	95.6	103.3	NA	NA	107.4	3	2017-08-16	82	BB	AA	AA	AB	AA	BB	Zdrava	Zdrava	Dve kopiji alela A	Zdrava	A/B
94243020	Marolt	Brina	1006	184	42	A	4.34	4	4.62	9.34	-0.524	29.1	70	BB	2017-10-26	zvecer	5825	3	3681348	Rjava	2013	103.5	101.9	NA	NA	106.3	3	2017-06-09	139	BB	AA	AA	BB	AA	BB	Zdrava	Zdrava	Dve kopiji alela A	Zdrava	B/B
94244832	Marolt	Baja	967	157	44	A	4.56	4.01	4.88	9.61	-0.536	25.4	228	BB	2017-10-26	zvecer	5825	2	3695099	Rjava	2013	107.6	106.4	NA	NA	107.1	2	2017-03-08	232	BB	AA	AA	BB	AA	BB	Zdrava	Zdrava	Dve kopiji alela A	Zdrava	B/B
94294095	Popic	Murva	1110	172.5	42	B	5.16	4.03	4.68	9.44	-0.532	14	52	BB	2017-11-07	zjutraj	7480	2	3850747	Rjava	2013	97.7	99	NA	NA	105.1	2	2017-07-22	108	BB	AA	AA	BB	AA	BB	Zdrava	Zdrava	Dve kopiji alela A	Zdrava	B/B
94422300	Tajnik	Beka	1311.5	90	28.5	B	5.6	3.67	4.5	8.9	-0.515	10.3	10	BB	2017-10-23	zvecer	16217	1	3986707	Rjava	2014	106.2	107.3	NA	NA	110.3	1	2017-01-18	278	AB	AA	AA	BB	AA	BB	Prenašalka	Zdrava	Dve kopiji alela A	Zdrava	B/B
94546880	Verdel	Linda	1075.5	198.5	36	B	4.71	3.72	4.52	8.97	-0.525	11.1	2943		2017-10-25	zvecer	30033	1	4218917	Holstein	2015	NA	NA	NA	NA	NA	1	2017-07-03	114	NA	NA	NA	NA	NA	NA	NA	NA	NA	NA	NA
