Name,Category,Full Trait Name,Trait abbreviation,Causative - Allele A/B,A/B Nucleotide Conversion,
IDBv20600001147,Milk,ABCG2,ABCG2,B,,
IDBv20500000988,Lethal,Arachnomelia Syndrome_SUOX,ARAC_SUOX,B,,
IDBv21600002242,Unwanted,Axonopathy,AX,A,,
IDBv20100000224,Unwanted,Bovine Leukocyte Adhension Deficiency,BLAD,B,,
IDBv22100003525,Lethal,Bulldog Dwarfism 1,BD1,A,,
IDBv22900003942,Meat,Calpain1 316,CAPN1_316,,B = G,A = C
IDBv22900003955,Meat,Calpain1 4751,CAPN1_4751,,B = C,A = T
IDBv22900003946,Meat,Calpain1 530,CAPN1_530,,B = G,A = A
IDBv22800003909,Unwanted,Chediak_Higashi syndrome,CHS,B,,
IDBv21100001911,Lethal,Citrullinaemia,CT,A,,
IDBv21800002345,Colour,"Coat colour Black gene E, extension",MC1R_ED,B,,
IDBv21800002365,Colour,Coat colour Red factor e,MC1R_e,A,,
IDBv22500003750,Lethal,Congenital Muscular Dystonia 1,CMD1,A,,
IDBv22900003918,Lethal,Congenital Muscular Dystonia 2,CMD2,B,,
IDBv20700001605,Unwanted,Congenital Myoclonus,CM,A,,
IDBv21900002544,Unwanted,Crooked Tail Syndrome delAG,CTS_delAG,B,,
IDBv20100000193,Lethal,Deficiency of Uridine Monophosphate Synthase,DUMPS,A,,
IDBv22200003611,Unwanted,Dystrophic Epidermolysis Bullosa,DEB,A,,
IDBv20500000940,Lethal,Holstein Haplotype 1,HH1,A,,
IDBv20800001678,Lethal,Holstein Haplotype 3,HH3,B,,
IDBv20100000001,Lethal,Holstein Haplotype 4,HH4,B,,
IDBv21500002145,Lethal,Jersey Haplotype 1,JH1,A,,
IDBv31800010162,Lethal,Maple Syrup Urine Disease_Hereford,MSU_HER,A,,
IDBv2UN00004132,Lethal,Maple Syrup Urine Disease_Shorthorn,MSU_SH,A,,
IDBv22900003925,Lethal,Montbeliarde Haplotype 2,MH2,A,,
IDBv21500002201,Unwanted,Mulefoot NG1621KC,MF_NG1621KC,A,,
IDBv21200002009,Lethal,Neuronal ceroid lipofuscinosis,NCL,B,,
IDBv2UN00004149,Lethal,Osteopetrosis,OS,A,,
IDBv21700002258,Lethal,Paunch Calf Syndrome,PCS,A,,
IDBv2UN00004088,Colour,PMEL17_delTTC,PMEL17_delTTC,B,,
IDBv20100000067,Beneficial,Polled Celtic,POLL_C,A,,
IDBv20100000121,Beneficial,Polled Friesian_1909396D2,POLL_F,B,,
IDBv20100000012,Beneficial,Polled Friesian_51D,POLL_F_51D,B,,
IDBv22400003704,Unwanted,Protoporphyria,PROTO,A,,
IDBv22500003766,Unwanted,Pseudomyotonia_c491G>A,PMT_164,A,,
IDBv22500003757,Unwanted,Pseudomyotonia_c632G>T,PMT_211,A,,
IDBv22500003752,Unwanted,Pseudomyotonia_c857G>T,PMT_284,A,,
IDBv22400003734,Unwanted,Spinal Muscular Atrophy,SMA,A,,
IDBv32900010041,Unwanted,Thrombopathia,THR,B,,
IDBv21500002152,Milk,Yellow milk fat,YMF,A,,
IDBv20600001336,Milk,Kappa Casein B variant,CSN3_AY380228_13104,B,,
IDBv20600001426,Milk,Kappa Casein E variant,CSN3_AY380228_13124,B,,
IDBv20400000843,Unwanted,Weaver,Weaver,A,,
